issue,song_title,artist,album,link,link_status,notes
11-2021,Follow the Light,Cory Wong en Dirty Loops,,https://www.youtube.com/watch?v=-UBcxKiS550,ok,YouTube title: Dirty Loops & Cory Wong - Follow The Light
12-2021,Canal,Anomalie,,https://www.youtube.com/watch?v=YlE9Mxpw5eQ,ok,"YouTube title: Canal. Chosen over the Texas state anthem, the other contender mentioned; inspired by Bruges. Original link died; recovered by search (ANOMALIE - CANAL (LIVE PERFORMANCE)). VERIFY this is the right version."
01-2022,Fighting for the Wrong Side,Scott Mulvahill,,https://www.youtube.com/watch?v=ASr-aQaTKKM,ok,YouTube title: Fighting for the Wrong Side (channel: Scott Mulvahill)
02-2022,Stonewalker,I Built The Sky & Jake Howsam Lowe,,https://www.youtube.com/watch?v=hpADOSJOvpY,ok,YouTube title: I Built The Sky & Jake Howsam Lowe - Stonewalker. Described as progressive instrumental metal.
08-2022,Drip,Tigran Hamasyan en die Berklee Middle Eastern Fusion Ensemble,,https://www.youtube.com/watch?v=z7j7bdEPSd0,ok,YouTube title: Tigran Hamasyan - Drip (Berklee Middle Eastern Fusion Ensemble Studio Recording). Described as jazz fusion.
09-2022,Qhawe,Abel Selaocoe,,https://www.youtube.com/watch?v=cPt55w3eeek,ok,"YouTube title: Qhawe / Hero. Newsletter describes Selaocoe as a South African cellist mixing classical, African percussion, throat singing and jazz."
11-2022,Liar,The Arcadian Wild,,https://www.youtube.com/watch?v=C86v8eBux8M,ok,YouTube title: Liar (channel: The Arcadian Wild - Topic). Newsletter notes the band originates from Nashville; album not stated. Original link died; recovered by search (Liar). VERIFY this is the right version.
12-2022,Red Letter,Arch Echo,,https://www.youtube.com/watch?v=KZjSZ8Pd37w,ok,"YouTube title: Arch Echo ""Red Letter"" | Official Music Video"
01-2023,Wandering I,Eydís Evensen,,https://www.youtube.com/watch?v=JgqwuwjYAU8,ok,YouTube title: Wandering I (channel: Eydís Evensen - Topic). Album not stated in newsletter.
05-2023,FXMLDR,Thank You Scientist (feat. Bluecoats),,https://www.youtube.com/watch?v=rxrz6RPSww0,ok,YouTube title: Thank You Scientist feat. Bluecoats - FXMLDR (Solar Powered Live Performance)
06-2023,Dies Irae (uit die Requiem),Giuseppe Verdi,,https://www.youtube.com/watch?v=X6cogix3cwQ,ok,"Inline sentence, not a heading. YouTube title: Verdi's Requiem: ""Dies irae"" (Metropolitan Opera)."
08-2023,Mute,Native Construct,,https://www.youtube.com/watch?v=v99dHD9oWfU,ok,YouTube title: Native Construct - Mute (OFFICIAL VIDEO). Newsletter describes it as modern opera with rock instruments; band called a one-album band but album name not stated.
10-2023,Joe Hisaishi in Budokan – 25 Years with Studio Ghibli concert (25 Jaar Ghibli konsert),Joe Hisaishi,,https://www.youtube.com/watch?v=eKC3_9gRrOI,ok,"User-fixed link verified (DreamRealm Orchestra upload, full 116-min concert). NOTE: too long for a single print (needs n~7600); pick an excerpt to make it printable - newsletter pointed at t=4253s."
11-2023,"Silence, A Stranger",The Arcadian Wild,,https://www.youtube.com/watch?v=viUwu4MIWyc,ok,"YouTube title: Silence, A Stranger. Newsletter spells it ""Silence, A Stanger"" (typo). Original link died; recovered by search (The Arcadian Wild - ""Silence, a Stranger""). VERIFY this is the right version."
01-2024,Vogel im käfig,"Hiroyuki Sawano (composer), arrangement performed by the Grissini Trio/Project",Attack on Titan Original Motion Picture Soundtrack,https://www.youtube.com/watch?v=un0poUBfRmE,ok,"YouTube title: Vogel im käfig (From Attack on Titan Original Motion Picture Soundtrack); channel: Grissini Project - Topic. Newsletter says film music for a Japanese anime, recommended by Christiaan."
02-2024,The World Breathes with Me,Caligula's Horse,,https://www.youtube.com/watch?v=Dc2CtNFOqV4,ok,YouTube title: The World Breathes with Me (channel: Caligula's Horse - Topic). Album not stated in newsletter.
04-2024,Requiem Mundi,Lauri Porra,Matter and Time,https://www.youtube.com/watch?v=HcAfpCAPW7g,ok,"YouTube title: Requiem Mundi (channel: Lauri Porra - Topic). Newsletter says it is from the project ""Matter and Time""."
06-2024,Say It to Me Now,Glen Hansard,Once (soundtrack),https://youtu.be/JMqKOt7R_K8?si=ubsZB2ZHGtyM5Ubr,ok,YouTube title: Once (2006) - Say It To Me Now (by Glen Hansard). Newsletter spells artist 'Glen Hassard' (sic); song is from the musical/film Once. Newsletter notes guitar in Open E tuning.
07-2024,Summon the Heroes,John Williams,,https://www.youtube.com/watch?v=DjP7QyskY6A&list=PLRpkgQTay8AgH_fMLWNC7a86dHJC-WAnB,ok,YouTube title: Summon the Heroes. Composed for the 1996 Olympics; newsletter tip: skip to 4:30.
08-2024,Reflections,Valis Ablaze,,https://www.youtube.com/watch?v=2zRqcv1M3mg,ok,"User-fixed link verified: Valis Ablaze - Reflections (feat. Reece Fullwood) (Official Video), 374 s, uploaded by Steamhammer (label)."
09-2024,nothing,Louis Cole (performed with the Metropole Orkest),,https://www.youtube.com/watch?v=RqQgBDzHLPM,ok,"YouTube title: nothing (channel: louiscolemusic). Newsletter says composed by Louis Cole, played by the Dutch Metropole orchestra."
10-2024,Howls,Agent Fresco,,https://www.youtube.com/watch?v=GRXPQEjlomg,ok,YouTube title: Agent Fresco - Howls
11-2024,The Burning Bush,Hans Zimmer,The Prince of Egypt,https://www.youtube.com/watch?v=4Fq-kR4do2c,ok,YouTube title: The Burning Bush. Newsletter spells artist 'Hanz Zimmer'; composed for The Prince of Egypt.
01-2025,Cora's Tune,Marshall Gilkes,,https://www.youtube.com/watch?v=TeuXm3mdv7U,ok,YouTube title: Cora's Tune. Performed with the WDR Big Band; newsletter does not name the album.
02-2025,Haf Gengr Hriðum,Christopher Tin,,https://www.youtube.com/watch?v=_O6lFU7qDXM,ok,"YouTube title: Tin: Haf Gengr Hriđum - ""The Storm-Driven Sea"". Lyrics in Old Norse per newsletter."
03-2025,Je Tady Mezi Námi,Markéta Irglová (with the Jihočeská Philharmonic Orchestra),,https://www.youtube.com/watch?v=12nOzarH72o,broken,YouTube title: Je Tady Mezi Námi Link dead and search recovery failed; track skipped.
05-2025,"All-Night Vigil (Nagwaak), Op. 37: III. Blessed is the man (Arr. Dmitrii Lazarev)","Sergei Rachmaninov, performed by PaTRAM Institute Male Choir",,https://www.youtube.com/watch?v=G8JIMcLz8rQ&list=OLAK5uy_l5a3QdtF2yQ7y0bry01t3Sn-C_8tLLP8Q&index=3,ok,"YouTube title: All-Night Vigil, Op. 37: III. Blessed is the man (Arr. for Male Choir by Dmitrii Lazarev)"
06-2025,Harrison Fjord,Haunted Shores,,https://www.youtube.com/watch?v=d8ximhYV1sM,ok,YouTube title: Haunted Shores - Harrison Fjord. Newsletter spells it 'Harison Fjord'.
07-2025,La Belleza,Lau Noah,,https://www.youtube.com/watch?v=7VF01S-QTAA,ok,"Video ID in newsletter is 13 chars (oEmbed 400); correct ID is 7VF01S-QTAA, which works. YouTube title: LAU NOAH - LA BELLEZA - 3. Newsletter renders title as 'Belleza'; dedicated to Ouma Bettie. Link fixed to the 11-char video ID."
08-2025,Cradle,Aviations,,https://www.youtube.com/watch?v=mWsAwZnj-b4,ok,"YouTube title: Cradle (channel: Aviations - Topic). Newsletter mentions an album but does not name it; band described as ""cozy metal""."
09-2025,"Grand Caprice on Schubert's Der Erlkönig, Op. 26 (Ernst, after Schubert)","Hilary Hahn (composer: H.W. Ernst, after Franz Schubert)",,https://www.youtube.com/watch?v=UWNCbpwC-PQ,ok,"YouTube title: Hilary Hahn plays Ernst' s Grand Caprice on Schubert's Der Erlkönig, Op. 26. Newsletter notes one violin voicing four characters."
10-2025,Shadowplay,David Maxim Micic,,https://www.youtube.com/watch?v=VnV2c4Ornx0,ok,YouTube title: Shadowplay (2022 Remastered Version). A commented-out draft line proposed Nostalgia by the same artist instead.
11-2025,Static and Noise,Couch,,https://www.youtube.com/watch?v=_DnRvWAu5Q4,ok,YouTube title: Static & Noise (channel: Couch - Topic). Band from Boston; newsletter does not state an album.
12-2025,"The Year of Silence: No. 7, The cryptographer's theory",Teddy Abrams - Dashon Burton with the Louisville Orchestra,The Year of Silence,https://www.youtube.com/watch?v=8LZAhmGVJYo,ok,"Added manually (issue date assumed 12-2025). Metadata from YouTube: Dashon Burton, Louisville Orchestra, Teddy Abrams; album The Year of Silence; 255 s."
